,"Voltage, V","Current, A"
0,-0.8,-4.35902e-05
1,-0.795,-4.19586e-05
2,-0.79,-4.05846e-05
3,-0.785,-3.93738e-05
4,-0.78,-3.82536e-05
5,-0.775,-3.72e-05
6,-0.77,-3.66924e-05
7,-0.765,-3.57667e-05
8,-0.76,-3.4885e-05
9,-0.755,-3.40431e-05
10,-0.75,-3.3239e-05
11,-0.745,-3.24724e-05
12,-0.74,-3.17444e-05
13,-0.735,-3.10513e-05
14,-0.73,-3.0392e-05
15,-0.725,-2.97596e-05
16,-0.72,-2.91458e-05
17,-0.715,-2.85539e-05
18,-0.71,-2.79718e-05
19,-0.705,-2.74058e-05
20,-0.7,-2.68589e-05
21,-0.695,-2.63296e-05
22,-0.69,-2.58183e-05
23,-0.685,-2.53195e-05
24,-0.68,-2.4833e-05
25,-0.675,-2.43607e-05
26,-0.67,-2.39035e-05
27,-0.665,-2.34624e-05
28,-0.66,-2.30342e-05
29,-0.655,-2.26165e-05
30,-0.65,-2.21974e-05
31,-0.645,-2.17965e-05
32,-0.64,-2.14043e-05
33,-0.635,-2.10135e-05
34,-0.63,-2.06302e-05
35,-0.625,-2.0254e-05
36,-0.62,-1.98879e-05
37,-0.615,-1.95322e-05
38,-0.61,-1.91824e-05
39,-0.605,-1.88376e-05
40,-0.600001,-1.84966e-05
41,-0.595001,-1.81656e-05
42,-0.590001,-1.78346e-05
43,-0.585001,-1.75089e-05
44,-0.580001,-1.71834e-05
45,-0.575001,-1.68655e-05
46,-0.570001,-1.65553e-05
47,-0.565001,-1.62499e-05
48,-0.560001,-1.59466e-05
49,-0.555001,-1.56428e-05
50,-0.550001,-1.53439e-05
51,-0.545001,-1.50488e-05
52,-0.540001,-1.4756e-05
53,-0.535001,-1.44707e-05
54,-0.530001,-1.41852e-05
55,-0.525001,-1.39022e-05
56,-0.520001,-1.36259e-05
57,-0.515001,-1.33478e-05
58,-0.510001,-1.30711e-05
59,-0.505001,-1.27963e-05
60,-0.500001,-1.25269e-05
61,-0.495001,-1.22598e-05
62,-0.490001,-1.19923e-05
63,-0.485001,-1.17287e-05
64,-0.480001,-1.14673e-05
65,-0.475001,-1.12123e-05
66,-0.470001,-1.09597e-05
67,-0.465001,-1.07099e-05
68,-0.460001,-1.04621e-05
69,-0.455001,-1.02211e-05
70,-0.450001,-9.97466e-06
71,-0.445001,-9.7371e-06
72,-0.440001,-9.49783e-06
73,-0.435001,-9.26509e-06
74,-0.430001,-9.03469e-06
75,-0.425001,-8.8025e-06
76,-0.420001,-8.57488e-06
77,-0.415001,-8.35163e-06
78,-0.410001,-8.12854e-06
79,-0.405001,-7.90614e-06
80,-0.400001,-7.68419e-06
81,-0.395001,-7.4621e-06
82,-0.390001,-7.24465e-06
83,-0.385001,-7.029e-06
84,-0.380001,-6.81468e-06
85,-0.375001,-6.59971e-06
86,-0.370001,-6.38563e-06
87,-0.365001,-6.17039e-06
88,-0.360001,-5.95592e-06
89,-0.355001,-5.74389e-06
90,-0.350001,-5.53227e-06
91,-0.345001,-5.32412e-06
92,-0.340001,-5.11539e-06
93,-0.335001,-4.90494e-06
94,-0.330001,-4.69727e-06
95,-0.325001,-4.48814e-06
96,-0.320001,-4.28235e-06
97,-0.315001,-4.07807e-06
98,-0.310001,-3.87337e-06
99,-0.305001,-3.66839e-06
100,-0.300001,-3.46317e-06
101,-0.295001,-3.30459e-06
102,-0.290001,-3.10116e-06
103,-0.285001,-2.89885e-06
104,-0.280001,-2.69695e-06
105,-0.275001,-2.49344e-06
106,-0.270001,-2.29154e-06
107,-0.265001,-2.08799e-06
108,-0.260001,-1.88436e-06
109,-0.255001,-1.68351e-06
110,-0.250001,-1.48484e-06
111,-0.245001,-1.28459e-06
112,-0.240001,-1.08284e-06
113,-0.235001,-8.82074e-07
114,-0.230001,-6.80794e-07
115,-0.225001,-4.78951e-07
116,-0.220001,-2.76297e-07
117,-0.215001,-7.52437e-08
118,-0.210001,1.27783e-07
119,-0.205001,3.3104e-07
120,-0.200002,5.34719e-07
121,-0.195002,7.38855e-07
122,-0.190002,9.44162e-07
123,-0.185002,1.14895e-06
124,-0.180002,1.35632e-06
125,-0.175002,1.5646e-06
126,-0.170002,1.77214e-06
127,-0.165002,1.98298e-06
128,-0.160002,2.19271e-06
129,-0.155002,2.40254e-06
130,-0.150002,2.6159e-06
131,-0.145002,2.82699e-06
132,-0.140002,3.04387e-06
133,-0.135002,3.25822e-06
134,-0.130002,3.47189e-06
135,-0.125002,3.68824e-06
136,-0.120002,3.90486e-06
137,-0.115002,4.12511e-06
138,-0.110002,4.3465e-06
139,-0.105002,4.57206e-06
140,-0.100002,4.79721e-06
141,-0.0950018,5.0249e-06
142,-0.0900018,5.25389e-06
143,-0.0850018,5.4884e-06
144,-0.0800018,5.7229e-06
145,-0.0750018,5.96208e-06
146,-0.0700018,6.20226e-06
147,-0.0650018,6.44998e-06
148,-0.0600019,6.69646e-06
149,-0.0550019,6.95194e-06
150,-0.0500019,7.21342e-06
151,-0.0450019,7.48324e-06
152,-0.0400019,7.75738e-06
153,-0.0350019,8.03866e-06
154,-0.0300019,8.32691e-06
155,-0.0250019,8.62129e-06
156,-0.020002,8.9266e-06
157,-0.015002,9.24296e-06
158,-0.010002,9.56816e-06
159,-0.00500199,9.90534e-06
160,-2e-06,1.02554e-05
161,0.00499799,1.06181e-05
162,0.00999797,1.09917e-05
163,0.014998,1.1376e-05
164,0.0199979,1.17708e-05
165,0.0249979,1.21807e-05
166,0.0299979,1.26091e-05
167,0.0349979,1.30452e-05
168,0.0399979,1.35006e-05
169,0.0449979,1.39708e-05
170,0.0499979,1.44592e-05
171,0.0549979,1.49654e-05
172,0.0599978,1.5485e-05
173,0.0649978,1.60178e-05
174,0.0699978,1.65645e-05
175,0.0749978,1.71218e-05
176,0.0799978,1.76937e-05
177,0.0849978,1.8274e-05
178,0.0899978,1.88572e-05
179,0.0949978,1.94401e-05
180,0.0999977,2.00158e-05
181,0.104998,2.05839e-05
182,0.109998,2.11919e-05
183,0.114998,2.17174e-05
184,0.119998,2.22221e-05
185,0.124998,2.26779e-05
186,0.129998,2.30946e-05
187,0.134998,2.34458e-05
188,0.139998,2.37445e-05
189,0.144998,2.3979e-05
190,0.149998,2.41529e-05
191,0.154998,2.42792e-05
192,0.159998,2.43829e-05
193,0.164998,2.44734e-05
194,0.169998,2.4592e-05
195,0.174998,2.47661e-05
196,0.179998,2.50019e-05
197,0.184998,2.52669e-05
198,0.189998,2.55322e-05
199,0.194998,2.57384e-05
200,0.199997,2.5842e-05
201,0.204997,2.58182e-05
202,0.209997,2.57053e-05
203,0.214997,2.55563e-05
204,0.219997,2.54318e-05
205,0.224997,2.53602e-05
206,0.229997,2.53547e-05
207,0.234997,2.54276e-05
208,0.239997,2.5588e-05
209,0.244997,2.58167e-05
210,0.249997,2.61111e-05
211,0.254997,2.64794e-05
212,0.259997,2.68988e-05
213,0.264997,2.73647e-05
214,0.269997,2.78698e-05
215,0.274997,2.84147e-05
216,0.279997,2.89772e-05
217,0.284997,2.956e-05
218,0.289997,3.01545e-05
219,0.294997,3.07644e-05
220,0.299997,3.13872e-05
221,0.304997,3.20257e-05
222,0.309997,3.26646e-05
223,0.314997,3.3305e-05
224,0.319997,3.39478e-05
225,0.324997,3.45794e-05
226,0.329997,3.52017e-05
227,0.334997,3.58239e-05
228,0.339997,3.64412e-05
229,0.344997,3.70538e-05
230,0.349997,3.76581e-05
231,0.354997,3.82465e-05
232,0.359997,3.88263e-05
233,0.364997,3.93981e-05
234,0.369997,3.99668e-05
235,0.374997,4.05393e-05
236,0.379997,4.11144e-05
237,0.384997,4.16871e-05
238,0.389997,4.22528e-05
239,0.394997,4.28168e-05
240,0.399997,4.3375e-05
241,0.404997,4.39398e-05
242,0.409997,4.45049e-05
243,0.414997,4.50683e-05
244,0.419997,4.56312e-05
245,0.424997,4.61894e-05
246,0.429997,4.6746e-05
247,0.434997,4.73029e-05
248,0.439997,4.78571e-05
249,0.444997,4.84069e-05
250,0.449997,4.89516e-05
251,0.454997,4.94842e-05
252,0.459997,5.00093e-05
253,0.464997,5.05195e-05
254,0.469997,5.10203e-05
255,0.474997,5.15057e-05
256,0.479997,5.19745e-05
257,0.484997,5.24214e-05
258,0.489997,5.28548e-05
259,0.494997,5.32549e-05
260,0.499997,5.36357e-05
261,0.504997,5.39852e-05
262,0.509997,5.43069e-05
263,0.514997,5.45933e-05
264,0.519997,5.48497e-05
265,0.524997,5.50667e-05
266,0.529997,5.52511e-05
267,0.534997,5.54032e-05
268,0.539997,5.55255e-05
269,0.544997,5.56087e-05
270,0.549997,5.56567e-05
271,0.554997,5.56664e-05
272,0.559997,5.5642e-05
273,0.564997,5.55827e-05
274,0.569997,5.54924e-05
275,0.574997,5.53727e-05
276,0.579997,5.52165e-05
277,0.584997,5.50383e-05
278,0.589997,5.48301e-05
279,0.594997,5.46033e-05
280,0.599996,5.43566e-05
281,0.604996,5.41039e-05
282,0.609996,5.38521e-05
283,0.614996,5.36066e-05
284,0.619996,5.33766e-05
285,0.624996,5.31609e-05
286,0.629996,5.2966e-05
287,0.634996,5.27967e-05
288,0.639996,5.26562e-05
289,0.644996,5.25439e-05
290,0.649996,5.2454e-05
291,0.654996,5.23955e-05
292,0.659996,5.23613e-05
293,0.664996,5.23447e-05
294,0.669996,5.23654e-05
295,0.674996,5.23989e-05
296,0.679996,5.24019e-05
297,0.684996,5.24266e-05
298,0.689996,5.24717e-05
299,0.694996,5.25303e-05
300,0.699996,5.25928e-05
301,0.704996,5.26683e-05
302,0.709996,5.27527e-05
303,0.714996,5.28357e-05
304,0.719996,5.29306e-05
305,0.724996,5.30414e-05
306,0.729996,5.31596e-05
307,0.734996,5.32917e-05
308,0.739996,5.34283e-05
309,0.744996,5.35748e-05
310,0.749996,5.37377e-05
311,0.754996,5.39085e-05
312,0.759996,5.40972e-05
313,0.764996,5.42979e-05
314,0.769996,5.45158e-05
315,0.774996,5.47388e-05
316,0.779996,5.49791e-05
317,0.784996,5.52516e-05
318,0.789996,5.54984e-05
319,0.794996,5.57602e-05
320,0.799996,5.60398e-05
321,0.804996,5.63253e-05
322,0.809996,5.66303e-05
323,0.814996,5.69354e-05
324,0.819996,5.72201e-05
325,0.824996,5.75365e-05
326,0.829996,5.78637e-05
327,0.834996,5.81957e-05
328,0.839996,5.85312e-05
329,0.844996,5.88725e-05
330,0.849996,5.92168e-05
331,0.854996,5.95652e-05
332,0.859996,5.99154e-05
333,0.864996,6.02673e-05
334,0.869996,6.06224e-05
335,0.874996,6.09878e-05
336,0.879996,6.13466e-05
337,0.884996,6.17048e-05
338,0.889996,6.2066e-05
339,0.894996,6.24271e-05
340,0.899996,6.27814e-05
341,0.904996,6.31299e-05
342,0.909996,6.34831e-05
343,0.914996,6.38274e-05
344,0.919996,6.41704e-05
345,0.924996,6.45108e-05
346,0.929996,6.48483e-05
347,0.934996,6.51709e-05
348,0.939996,6.55039e-05
349,0.944996,6.58192e-05
350,0.949996,6.61208e-05
351,0.954996,6.64123e-05
352,0.959996,6.67012e-05
353,0.964996,6.69702e-05
354,0.969996,6.72323e-05
355,0.974996,6.7482e-05
356,0.979996,6.77264e-05
357,0.984996,6.79505e-05
358,0.989996,6.81713e-05
359,0.994996,6.83828e-05
360,0.999995,6.85853e-05
361,1.005,6.87666e-05
362,1.01,6.89457e-05
363,1.015,6.91114e-05
364,1.02,6.92674e-05
365,1.025,6.9407e-05
366,1.03,6.95355e-05
367,1.035,6.96526e-05
368,1.04,6.97603e-05
369,1.045,6.98467e-05
370,1.05,6.99247e-05
371,1.055,6.99957e-05
372,1.06,7.00387e-05
373,1.065,7.00767e-05
374,1.07,7.01059e-05
375,1.075,7.01286e-05
376,1.08,7.01354e-05
377,1.085,7.01353e-05
378,1.09,7.01126e-05
379,1.095,7.00832e-05
380,1.1,7.00462e-05
381,1.105,7.0001e-05
382,1.11,6.99409e-05
383,1.115,6.9875e-05
384,1.12,6.98021e-05
385,1.125,6.97084e-05
386,1.13,6.96119e-05
387,1.135,6.95107e-05
388,1.14,6.94083e-05
389,1.145,6.93073e-05
390,1.15,6.92205e-05
391,1.155,6.91345e-05
392,1.16,6.90539e-05
393,1.165,6.89728e-05
394,1.17,6.89121e-05
395,1.175,6.8869e-05
396,1.18,6.88478e-05
397,1.185,6.88421e-05
398,1.19,6.88497e-05
399,1.195,6.88861e-05
400,1.19999,6.89398e-05
401,1.20499,6.90166e-05
402,1.20999,6.91229e-05
403,1.21499,6.92583e-05
404,1.21999,6.94257e-05
405,1.22499,6.96332e-05
406,1.22999,6.98652e-05
407,1.23499,7.01204e-05
408,1.23999,7.03987e-05
409,1.24499,7.07112e-05
410,1.24999,7.10546e-05
411,1.25499,7.14276e-05
412,1.25999,7.18298e-05
413,1.26499,7.22561e-05
414,1.26999,7.27308e-05
415,1.27499,7.32323e-05
416,1.27999,7.37801e-05
417,1.28499,7.43685e-05
418,1.28999,7.4993e-05
419,1.29499,7.56516e-05
420,1.29999,7.63461e-05
421,1.30499,7.70701e-05
422,1.30999,7.78261e-05
423,1.31499,7.86135e-05
424,1.31999,7.94363e-05
425,1.32499,8.0283e-05
426,1.32999,8.11615e-05
427,1.33499,8.20946e-05
428,1.33999,8.30634e-05
429,1.34499,8.40686e-05
430,1.34999,8.51062e-05
431,1.35499,8.61987e-05
432,1.35999,8.73195e-05
433,1.36499,8.84829e-05
434,1.36999,8.96997e-05
435,1.37499,9.09176e-05
436,1.37999,9.21684e-05
437,1.38499,9.34944e-05
438,1.38999,9.48674e-05
439,1.39499,9.6299e-05
440,1.39999,9.77669e-05
441,1.40499,9.92918e-05
442,1.40999,0.000100871
443,1.41499,0.000102493
444,1.41999,0.000104171
445,1.42499,0.000105906
446,1.42999,0.000107723
447,1.43499,0.000109593
448,1.43999,0.000111521
449,1.44499,0.000113512
450,1.44999,0.000115564
451,1.45499,0.000117662
452,1.45999,0.000119843
453,1.46499,0.000122078
454,1.46999,0.000124399
455,1.47499,0.000127015
456,1.47999,0.000129282
457,1.48499,0.000131785
458,1.48999,0.000134363
459,1.49499,0.000136992
460,1.49999,0.000139698
461,1.50499,0.000142458
462,1.50999,0.000145298
463,1.51499,0.000148169
464,1.51999,0.000151102
465,1.52499,0.000154103
466,1.52999,0.000157145
467,1.53499,0.000160264
468,1.53999,0.000163412
469,1.54499,0.000166598
470,1.54999,0.000169823
471,1.55499,0.000173074
472,1.55999,0.00017637
473,1.56499,0.000179714
474,1.56999,0.000183108
475,1.57499,0.000186526
476,1.57999,0.000189985
477,1.58499,0.000193467
478,1.58999,0.000196986
479,1.59499,0.000200542
480,1.59999,0.000204097
481,1.60499,0.000207699
482,1.60999,0.00021133
483,1.61499,0.000215489
484,1.61999,0.00021916
485,1.62499,0.000222877
486,1.62999,0.000226573
487,1.63499,0.000230342
488,1.63999,0.000234067
489,1.64499,0.000237812
490,1.64999,0.00024157
491,1.65499,0.000245369
492,1.65999,0.00024917
493,1.66499,0.000252991
494,1.66999,0.000256788
495,1.67499,0.000260609
496,1.67999,0.000264425
497,1.68499,0.000268294
498,1.68999,0.000272122
499,1.69499,0.000275952
500,1.69999,0.000279813
501,1.70499,0.000283629
502,1.70999,0.000287416
503,1.71499,0.000291195
504,1.71999,0.000294956
505,1.72499,0.000298697
506,1.72999,0.000302422
507,1.73499,0.000306138
508,1.73999,0.000309839
509,1.74499,0.000313496
510,1.74999,0.000317143
511,1.75499,0.000320697
512,1.75999,0.000324217
513,1.76499,0.000327704
514,1.76999,0.000331157
515,1.77499,0.000334574
516,1.77999,0.000337987
517,1.78499,0.000341325
518,1.78999,0.00034459
519,1.79499,0.000347824
520,1.79999,0.000351037
521,1.79499,0.000343498
522,1.78999,0.000336332
523,1.78499,0.000329401
524,1.77999,0.000322624
525,1.77499,0.000316135
526,1.76999,0.000309541
527,1.76499,0.000303188
528,1.75999,0.00029694
529,1.75499,0.00029077
530,1.74999,0.000284737
531,1.74499,0.000278773
532,1.73999,0.00027291
533,1.73499,0.000267114
534,1.72999,0.00026145
535,1.72499,0.000255937
536,1.71999,0.000250479
537,1.71499,0.000245111
538,1.70999,0.000239826
539,1.70499,0.000234652
540,1.69999,0.00022945
541,1.69499,0.000224423
542,1.68999,0.000219478
543,1.68499,0.000214616
544,1.67999,0.000209814
545,1.67499,0.000205069
546,1.66999,0.000200435
547,1.66499,0.000195919
548,1.65999,0.000191405
549,1.65499,0.000186964
550,1.64999,0.000182583
551,1.64499,0.00017835
552,1.63999,0.000174132
553,1.63499,0.000170033
554,1.62999,0.000166036
555,1.62499,0.000162074
556,1.61999,0.000159856
557,1.61499,0.000154386
558,1.60999,0.000150579
559,1.60499,0.000146848
560,1.59999,0.000143237
561,1.59499,0.000139641
562,1.58999,0.000136108
563,1.58499,0.000132633
564,1.57999,0.000129217
565,1.57499,0.000125858
566,1.56999,0.000122635
567,1.56499,0.000119421
568,1.55999,0.000116165
569,1.55499,0.000112951
570,1.54999,0.000109821
571,1.54499,0.000106811
572,1.53999,0.000103823
573,1.53499,0.00010088
574,1.52999,9.80021e-05
575,1.52499,9.53253e-05
576,1.51999,9.25216e-05
577,1.51499,8.98569e-05
578,1.50999,8.72276e-05
579,1.50499,8.47262e-05
580,1.49999,8.22723e-05
581,1.49499,7.98447e-05
582,1.48999,7.75035e-05
583,1.48499,7.5175e-05
584,1.47999,7.28893e-05
585,1.47499,7.06218e-05
586,1.46999,6.84043e-05
587,1.46499,6.62607e-05
588,1.45999,6.42141e-05
589,1.45499,6.22309e-05
590,1.44999,6.02243e-05
591,1.44499,5.83283e-05
592,1.43999,5.64706e-05
593,1.43499,5.46581e-05
594,1.42999,5.29031e-05
595,1.42499,5.11955e-05
596,1.41999,4.955e-05
597,1.41499,4.79409e-05
598,1.40999,4.64e-05
599,1.40499,4.49093e-05
600,1.39999,4.34708e-05
601,1.39499,4.20863e-05
602,1.38999,4.07601e-05
603,1.38499,3.94511e-05
604,1.37999,3.81918e-05
605,1.37499,3.69772e-05
606,1.36999,3.53e-05
607,1.36499,3.40326e-05
608,1.35999,3.28869e-05
609,1.35499,3.18828e-05
610,1.34999,3.09941e-05
611,1.34499,3.03486e-05
612,1.33999,2.95042e-05
613,1.33499,2.86426e-05
614,1.32999,2.7784e-05
615,1.32499,2.69517e-05
616,1.31999,2.61736e-05
617,1.31499,2.5442e-05
618,1.30999,2.47396e-05
619,1.30499,2.40811e-05
620,1.29999,2.34496e-05
621,1.29499,2.27907e-05
622,1.28999,2.22002e-05
623,1.28499,2.16509e-05
624,1.27999,2.11732e-05
625,1.27499,2.07387e-05
626,1.26999,2.0288e-05
627,1.26499,1.98284e-05
628,1.25999,1.93648e-05
629,1.25499,1.8934e-05
630,1.24999,1.85516e-05
631,1.24499,1.81805e-05
632,1.23999,1.79303e-05
633,1.23499,1.7643e-05
634,1.22999,1.72125e-05
635,1.22499,1.68503e-05
636,1.21999,1.65691e-05
637,1.21499,1.63562e-05
638,1.20999,1.60601e-05
639,1.20499,1.58134e-05
640,1.19999,1.55726e-05
641,1.195,1.53362e-05
642,1.19,1.51259e-05
643,1.185,1.48682e-05
644,1.18,1.46851e-05
645,1.175,1.4478e-05
646,1.17,1.42724e-05
647,1.165,1.40962e-05
648,1.16,1.39149e-05
649,1.155,1.37421e-05
650,1.15,1.35928e-05
651,1.145,1.34127e-05
652,1.14,1.32206e-05
653,1.135,1.30353e-05
654,1.13,1.28373e-05
655,1.125,1.26834e-05
656,1.12,1.2538e-05
657,1.115,1.23812e-05
658,1.11,1.22056e-05
659,1.105,1.20862e-05
660,1.1,1.19769e-05
661,1.095,1.18258e-05
662,1.09,1.16815e-05
663,1.085,1.15286e-05
664,1.08,1.13933e-05
665,1.075,1.12518e-05
666,1.07,1.11104e-05
667,1.065,1.09843e-05
668,1.06,1.08732e-05
669,1.055,1.0746e-05
670,1.05,1.06495e-05
671,1.045,1.0532e-05
672,1.04,1.03945e-05
673,1.035,1.02664e-05
674,1.03,1.01218e-05
675,1.025,9.98112e-06
676,1.02,9.87615e-06
677,1.015,9.78809e-06
678,1.01,9.60836e-06
679,1.005,9.41446e-06
680,0.999995,9.32416e-06
681,0.994996,9.21623e-06
682,0.989996,9.10024e-06
683,0.984996,8.99643e-06
684,0.979996,8.87946e-06
685,0.974996,8.75497e-06
686,0.969996,8.63047e-06
687,0.964996,8.5116e-06
688,0.959996,8.37584e-06
689,0.954996,8.22485e-06
690,0.949996,8.10915e-06
691,0.944996,7.98796e-06
692,0.939996,7.87063e-06
693,0.934996,7.75581e-06
694,0.929996,7.63137e-06
695,0.924996,7.51239e-06
696,0.919996,7.3943e-06
697,0.914996,7.2756e-06
698,0.909996,7.15263e-06
699,0.904996,7.02976e-06
700,0.899996,6.90427e-06
701,0.894996,6.78882e-06
702,0.889996,6.6703e-06
703,0.884996,6.53698e-06
704,0.879996,6.40541e-06
705,0.874996,6.27487e-06
706,0.869996,6.14235e-06
707,0.864996,6.01156e-06
708,0.859996,5.88471e-06
709,0.854996,5.7562e-06
710,0.849996,5.62533e-06
711,0.844996,5.49071e-06
712,0.839996,5.35864e-06
713,0.834996,5.2224e-06
714,0.829996,5.09041e-06
715,0.824996,4.95604e-06
716,0.819996,4.82687e-06
717,0.814996,4.6907e-06
718,0.809996,4.55486e-06
719,0.804996,4.41587e-06
720,0.799996,4.27573e-06
721,0.794996,4.13696e-06
722,0.789996,3.99247e-06
723,0.784996,3.84783e-06
724,0.779996,3.70794e-06
725,0.774996,3.51819e-06
726,0.769996,3.38039e-06
727,0.764996,3.23794e-06
728,0.759996,3.09588e-06
729,0.754996,2.95216e-06
730,0.749996,2.8097e-06
731,0.744996,2.66568e-06
732,0.739996,2.52342e-06
733,0.734996,2.37906e-06
734,0.729996,2.23685e-06
735,0.724996,2.09148e-06
736,0.719996,1.94598e-06
737,0.714996,1.798e-06
738,0.709996,1.65535e-06
739,0.704996,1.50879e-06
740,0.699996,1.35972e-06
741,0.694996,1.21243e-06
742,0.689996,1.06033e-06
743,0.684996,9.08819e-07
744,0.679996,7.55158e-07
745,0.674996,6.006e-07
746,0.669996,4.46922e-07
747,0.664996,2.89416e-07
748,0.659996,1.29752e-07
749,0.654996,-3.07546e-08
750,0.649996,-1.93017e-07
751,0.644996,-3.55405e-07
752,0.639996,-5.21969e-07
753,0.634996,-6.88911e-07
754,0.629996,-8.59323e-07
755,0.624996,-1.02874e-06
756,0.619996,-1.2038e-06
757,0.614996,-1.37369e-06
758,0.609996,-1.55353e-06
759,0.604996,-1.73126e-06
760,0.599996,-1.91407e-06
761,0.594997,-2.09975e-06
762,0.589997,-2.28971e-06
763,0.584997,-2.4807e-06
764,0.579997,-2.6767e-06
765,0.574997,-2.87472e-06
766,0.569997,-3.0824e-06
767,0.564997,-3.29369e-06
768,0.559997,-3.51008e-06
769,0.554997,-3.73254e-06
770,0.549997,-3.9623e-06
771,0.544997,-4.20005e-06
772,0.539997,-4.44446e-06
773,0.534997,-4.69658e-06
774,0.529997,-4.95191e-06
775,0.524997,-5.22277e-06
776,0.519997,-5.49575e-06
777,0.514997,-5.78495e-06
778,0.509997,-6.07304e-06
779,0.504997,-6.37903e-06
780,0.499997,-6.68788e-06
781,0.494997,-7.01211e-06
782,0.489997,-7.34401e-06
783,0.484997,-7.68655e-06
784,0.479997,-8.03692e-06
785,0.474997,-8.40275e-06
786,0.469997,-8.77676e-06
787,0.464997,-9.16669e-06
788,0.459997,-9.56674e-06
789,0.454997,-9.98023e-06
790,0.449997,-1.04057e-05
791,0.444997,-1.08479e-05
792,0.439997,-1.13027e-05
793,0.434997,-1.17707e-05
794,0.429997,-1.2259e-05
795,0.424997,-1.27626e-05
796,0.419997,-1.32813e-05
797,0.414997,-1.38177e-05
798,0.409997,-1.43737e-05
799,0.404997,-1.49458e-05
800,0.399997,-1.55372e-05
801,0.394997,-1.61503e-05
802,0.389997,-1.67796e-05
803,0.384997,-1.74257e-05
804,0.379997,-1.8093e-05
805,0.374997,-1.87779e-05
806,0.369997,-1.94832e-05
807,0.364997,-2.02064e-05
808,0.359997,-2.09539e-05
809,0.354997,-2.17114e-05
810,0.349997,-2.24582e-05
811,0.344997,-2.32562e-05
812,0.339997,-2.40803e-05
813,0.334997,-2.49182e-05
814,0.329997,-2.57811e-05
815,0.324997,-2.66553e-05
816,0.319997,-2.75541e-05
817,0.314997,-2.84671e-05
818,0.309997,-2.93998e-05
819,0.304997,-3.03482e-05
820,0.299997,-3.13062e-05
821,0.294997,-3.22772e-05
822,0.289997,-3.32572e-05
823,0.284997,-3.42471e-05
824,0.279997,-3.52371e-05
825,0.274997,-3.62253e-05
826,0.269997,-3.72061e-05
827,0.264997,-3.81894e-05
828,0.259997,-3.91601e-05
829,0.254997,-4.01281e-05
830,0.249997,-4.10799e-05
831,0.244997,-4.20093e-05
832,0.239997,-4.29354e-05
833,0.234997,-4.38362e-05
834,0.229997,-4.47224e-05
835,0.224997,-4.55855e-05
836,0.219997,-4.64217e-05
837,0.214997,-4.72464e-05
838,0.209997,-4.80382e-05
839,0.204997,-4.88093e-05
840,0.199997,-4.95441e-05
841,0.194998,-5.02667e-05
842,0.189998,-5.09544e-05
843,0.184998,-5.16239e-05
844,0.179998,-5.22582e-05
845,0.174998,-5.28759e-05
846,0.169998,-5.34648e-05
847,0.164998,-5.40428e-05
848,0.159998,-5.45919e-05
849,0.154998,-5.51327e-05
850,0.149998,-5.5645e-05
851,0.144998,-5.61569e-05
852,0.139998,-5.66513e-05
853,0.134998,-5.71403e-05
854,0.129998,-5.76131e-05
855,0.124998,-5.8082e-05
856,0.119998,-5.85349e-05
857,0.114998,-5.89919e-05
858,0.109998,-5.94339e-05
859,0.104998,-5.98718e-05
860,0.0999977,-6.02996e-05
861,0.0949978,-6.07184e-05
862,0.0899978,-6.11271e-05
863,0.0849978,-6.15241e-05
864,0.0799978,-6.19201e-05
865,0.0749978,-6.22956e-05
866,0.0699978,-6.26671e-05
867,0.0649978,-6.30276e-05
868,0.0599978,-6.33891e-05
869,0.0549979,-6.37352e-05
870,0.0499979,-6.40816e-05
871,0.0449979,-6.44208e-05
872,0.0399979,-6.47565e-05
873,0.0349979,-6.50862e-05
874,0.0299979,-6.54157e-05
875,0.0249979,-6.57402e-05
876,0.0199979,-6.6062e-05
877,0.014998,-6.63889e-05
878,0.00999797,-6.6714e-05
879,0.00499799,-6.70388e-05
880,-2e-06,-6.73647e-05
881,-0.00500199,-6.76942e-05
882,-0.010002,-6.80238e-05
883,-0.015002,-6.83615e-05
884,-0.020002,-6.86943e-05
885,-0.0250019,-6.90383e-05
886,-0.0300019,-6.93719e-05
887,-0.0350019,-6.97202e-05
888,-0.0400019,-7.00651e-05
889,-0.0450019,-7.04184e-05
890,-0.0500019,-7.07688e-05
891,-0.0550019,-7.11253e-05
892,-0.0600019,-7.14855e-05
893,-0.0650018,-7.18468e-05
894,-0.0700018,-7.22138e-05
895,-0.0750018,-7.25788e-05
896,-0.0800018,-7.29539e-05
897,-0.0850018,-7.33291e-05
898,-0.0900018,-7.37136e-05
899,-0.0950018,-7.40994e-05
900,-0.100002,-7.44916e-05
901,-0.105002,-7.48937e-05
902,-0.110002,-7.53039e-05
903,-0.115002,-7.57236e-05
904,-0.120002,-7.61567e-05
905,-0.125002,-7.6604e-05
906,-0.130002,-7.70722e-05
907,-0.135002,-7.75679e-05
908,-0.140002,-7.81029e-05
909,-0.145002,-7.86965e-05
910,-0.150002,-7.9369e-05
911,-0.155002,-8.01514e-05
912,-0.160002,-8.10823e-05
913,-0.165002,-8.21724e-05
914,-0.170002,-8.34171e-05
915,-0.175002,-8.47846e-05
916,-0.180002,-8.62708e-05
917,-0.185002,-8.78459e-05
918,-0.190002,-8.95021e-05
919,-0.195002,-9.12438e-05
920,-0.200002,-9.30603e-05
921,-0.205001,-9.49469e-05
922,-0.210001,-9.68981e-05
923,-0.215001,-9.89067e-05
924,-0.220001,-0.000100981
925,-0.225001,-0.000103094
926,-0.230001,-0.000105242
927,-0.235001,-0.000107421
928,-0.240001,-0.000109615
929,-0.245001,-0.00011183
930,-0.250001,-0.000114054
931,-0.255001,-0.000116294
932,-0.260001,-0.000118513
933,-0.265001,-0.000120739
934,-0.270001,-0.00012296
935,-0.275001,-0.000125149
936,-0.280001,-0.00012732
937,-0.285001,-0.000129472
938,-0.290001,-0.000131715
939,-0.295001,-0.00013368
940,-0.300001,-0.000135769
941,-0.305001,-0.000137793
942,-0.310001,-0.000139769
943,-0.315001,-0.000141655
944,-0.320001,-0.000143564
945,-0.325001,-0.000145405
946,-0.330001,-0.00014723
947,-0.335001,-0.000149047
948,-0.340001,-0.000150752
949,-0.345001,-0.000152465
950,-0.350001,-0.000154105
951,-0.355001,-0.000155753
952,-0.360001,-0.000157368
953,-0.365001,-0.000158898
954,-0.370001,-0.000160401
955,-0.375001,-0.000161891
956,-0.380001,-0.000163306
957,-0.385001,-0.000164707
958,-0.390001,-0.000166038
959,-0.395001,-0.000167387
960,-0.400001,-0.000168651
961,-0.405001,-0.000169905
962,-0.410001,-0.000171112
963,-0.415001,-0.000172269
964,-0.420001,-0.000173381
965,-0.425001,-0.000174482
966,-0.430001,-0.000175555
967,-0.435001,-0.000176622
968,-0.440001,-0.00017763
969,-0.445001,-0.000178556
970,-0.450001,-0.000179376
971,-0.455001,-0.000180248
972,-0.460001,-0.000181078
973,-0.465001,-0.000181822
974,-0.470001,-0.000182561
975,-0.475001,-0.000183213
976,-0.480001,-0.000184097
977,-0.485001,-0.000184561
978,-0.490001,-0.000185009
979,-0.495001,-0.000185401
980,-0.500001,-0.000185732
981,-0.505001,-0.000185905
982,-0.510001,-0.000185641
983,-0.515001,-0.000185203
984,-0.520001,-0.000184073
985,-0.525001,-0.000181844
986,-0.530001,-0.000177208
987,-0.535001,-0.000168209
988,-0.540001,-0.000153041
989,-0.545001,-0.000133787
990,-0.550001,-0.000116754
991,-0.555001,-0.000105207
992,-0.560001,-9.72826e-05
993,-0.565001,-9.15275e-05
994,-0.570001,-8.71495e-05
995,-0.575001,-8.36424e-05
996,-0.580001,-8.07006e-05
997,-0.585001,-7.80521e-05
998,-0.590001,-7.56684e-05
999,-0.595001,-7.3514e-05
1000,-0.600001,-7.15771e-05
1001,-0.605,-6.97844e-05
1002,-0.61,-6.8175e-05
1003,-0.615,-6.66897e-05
1004,-0.62,-6.52925e-05
1005,-0.625,-6.40064e-05
1006,-0.63,-6.2793e-05
1007,-0.635,-6.16447e-05
1008,-0.64,-6.05874e-05
1009,-0.645,-5.96008e-05
1010,-0.65,-5.8749e-05
1011,-0.655,-5.78261e-05
1012,-0.66,-5.70079e-05
1013,-0.665,-5.62545e-05
1014,-0.67,-5.55543e-05
1015,-0.675,-5.49128e-05
1016,-0.68,-5.43129e-05
1017,-0.685,-5.37598e-05
1018,-0.69,-5.32518e-05
1019,-0.695,-5.27908e-05
1020,-0.7,-5.23764e-05
1021,-0.705,-5.19933e-05
1022,-0.71,-5.16519e-05
1023,-0.715,-5.13379e-05
1024,-0.72,-5.10575e-05
1025,-0.725,-5.08063e-05
1026,-0.73,-5.05785e-05
1027,-0.735,-5.03799e-05
1028,-0.74,-5.01881e-05
1029,-0.745,-5.00207e-05
1030,-0.75,-4.98571e-05
1031,-0.755,-4.97189e-05
1032,-0.76,-4.95912e-05
1033,-0.765,-4.94615e-05
1034,-0.77,-4.93524e-05
1035,-0.775,-4.92456e-05
1036,-0.78,-4.91273e-05
1037,-0.785,-4.90244e-05
1038,-0.79,-4.89152e-05
1039,-0.795,-4.88097e-05
